{"train/loss": 2.4586, "train/learning_rate": 9.117914755640126e-06, "train/epoch": 2.69, "train/global_step": 24, "_timestamp": 1688652451.3181348, "_runtime": 11695.68226480484, "_step": 28, "eval/loss": 2.49609375, "eval/runtime": 257.9345, "eval/samples_per_second": 4.319, "eval/steps_per_second": 0.543, "train/train_runtime": 11438.9068, "train/train_samples_per_second": 1.2, "train/train_steps_per_second": 0.002, "train/total_flos": 39782134579200.0, "train/train_loss": 5.828617095947266, "_wandb": {"runtime": 11695}}