{"train/loss": 0.5772, "train/learning_rate": 3.72093023255814e-06, "train/epoch": 2.85, "train/global_step": 51, "_timestamp": 1688682270.3038886, "_runtime": 34218.31718158722, "_step": 55, "eval/loss": 0.5380859375, "eval/runtime": 688.1757, "eval/samples_per_second": 1.619, "eval/steps_per_second": 0.405, "train/train_runtime": 33531.7956, "train/train_samples_per_second": 0.409, "train/train_steps_per_second": 0.002, "train/total_flos": 85008140206080.0, "train/train_loss": 3.9800973780014934, "_wandb": {"runtime": 34217}}